epoch,loss,accuracy
0.0,0.5915791983336647,0.794
0.0,0.5864942487812166,0.7955
0.0,0.5930504804674623,0.7936666666666666
0.0,0.6125665546508625,0.78675
0.0,0.6050664779074189,0.79
0.0,0.613073079587871,0.787
0.0,0.6157459535758906,0.7861428571428571
0.0,0.6127617429860139,0.78775
0.0,0.6104432590673776,0.7887777777777778
