epoch,loss,accuracy
0.0,0.4742076888271169,0.834
0.0,0.45722830506717516,0.8365
0.0,0.48114286508043513,0.8276666666666667
0.0,0.49359308002531965,0.825
0.0,0.4855255404515938,0.8272
0.0,0.4928297641753489,0.826
0.0,0.48591774780291125,0.8258571428571428
0.0,0.47766759211797183,0.828625
0.0,0.4777965808511827,0.8283333333333334
