epoch,loss,accuracy
0.0,0.4383907411174769,0.851
0.0,0.4352541379409517,0.854
0.0,0.4497574257283894,0.8466666666666667
0.0,0.4696821622170356,0.84075
0.0,0.46456563955969676,0.8412
0.0,0.47766677171117516,0.8371666666666666
0.0,0.4774691830830909,0.8354285714285714
0.0,0.4714720677663842,0.836125
0.0,0.4708939213321531,0.8338888888888889
