epoch,loss,accuracy
0.0,0.5837511013690131,0.786
0.0,0.5630662753882666,0.796
0.0,0.5678275498861186,0.796
0.0,0.5819249116417005,0.79125
0.0,0.5765717991909776,0.7932
0.0,0.5838437979233035,0.7913333333333333
0.0,0.5839284984118124,0.791
0.0,0.5804497184604182,0.792375
0.0,0.580704412047485,0.792
