epoch,loss,accuracy
0.0,0.40945829223295016,0.857
0.0,0.40499113929441005,0.8585
0.0,0.41654220870932074,0.853
0.0,0.42914007420327693,0.8505
0.0,0.42477101123925975,0.8502
0.0,0.4344947065026298,0.8473333333333334
0.0,0.4324539425969111,0.8464285714285714
0.0,0.4261569511230197,0.848375
0.0,0.42618410065741585,0.8473333333333334
